Workbook

Sheet Dashboard
A1: PayRus Traction Dashboard
A3: KPI | B3: Actual | C3: J+90 Target | D3: Progress | F3: Funnel | G3: Rate
A4: Waitlist | B4: =COUNTIF(Prospects!$N:$N,"Waitlist")+COUNTIF(Prospects!$N:$N,"Qualified")+COUNTIF(Prospects!$N:$N,"Interviewed")+COUNTIF(Prospects!$N:$N,"Beta invited")+COUNTIF(Prospects!$N:$N,"Beta active") | C4: 500 | D4: =IFERROR(B4/C4,0) | F4: Qualified / leads | G4: =IFERROR(COUNTIF(Prospects!$O:$O,">=15")/(COUNTA(Prospects!$A:$A)-1),0)
A5: Interviews | B5: =COUNTIF(Prospects!$N:$N,"Interviewed")+COUNTIF(Prospects!$N:$N,"Beta invited")+COUNTIF(Prospects!$N:$N,"Beta active") | C5: 50 | D5: =IFERROR(B5/C5,0) | F5: Interview / qualified | G5: =IFERROR(COUNTIF(Prospects!$N:$N,"Interviewed")/COUNTIF(Prospects!$O:$O,">=15"),0)
A6: Beta qualified | B6: =COUNTIF(Prospects!$O:$O,">=15") | C6: 60 | D6: =IFERROR(B6/C6,0) | F6: Beta active / qualified | G6: =IFERROR(COUNTIF(Prospects!$N:$N,"Beta active")/COUNTIF(Prospects!$O:$O,">=15"),0)
A7: Beta active | B7: =COUNTIF(Prospects!$N:$N,"Beta active") | C7: 40 | D7: =IFERROR(B7/C7,0)
A8: Merchant pilots | B8: =COUNTIF(Merchant_Pipeline!$J:$J,"Pilot") | C8: 5 | D8: =IFERROR(B8/C8,0)
A9: LOI / commitments | B9: =COUNTIF(Merchant_Pipeline!$J:$J,"LOI") | C9: 3 | D9: =IFERROR(B9/C9,0)

Sheet Prospects
A1: PayRus Prospects & Beta CRM
A3: Lead_ID | B3: Date | C3: Name | D3: Email | E3: Residence | F3: Corridor | G3: Segment | H3: Source | I3: Frequency | J3: Pain | K3: Pain_Score | L3: Cost_Score | M3: Test_Score | N3: Pay_Score | O3: Status | P3: Total_25 | Q3: Classification | R3: Consent_Recontact | S3: Consent_Testimonial | T3: Next_Action | U3: Owner | V3: Notes
P4: =IF(I4="Weekly",5,IF(I4="Monthly",4,IF(I4="Quarterly",2,IF(I4="Occasional",1,0))))+K4+L4+M4+N4 | Q4: =IF(P4>=20,"High-value beta",IF(P4>=15,"Beta candidate",IF(P4>=10,"Waitlist","Nurture")))
P5: =IF(I5="Weekly",5,IF(I5="Monthly",4,IF(I5="Quarterly",2,IF(I5="Occasional",1,0))))+K5+L5+M5+N5 | Q5: =IF(P5>=20,"High-value beta",IF(P5>=15,"Beta candidate",IF(P5>=10,"Waitlist","Nurture")))
P6: =IF(I6="Weekly",5,IF(I6="Monthly",4,IF(I6="Quarterly",2,IF(I6="Occasional",1,0))))+K6+L6+M6+N6 | Q6: =IF(P6>=20,"High-value beta",IF(P6>=15,"Beta candidate",IF(P6>=10,"Waitlist","Nurture")))
P7: =IF(I7="Weekly",5,IF(I7="Monthly",4,IF(I7="Quarterly",2,IF(I7="Occasional",1,0))))+K7+L7+M7+N7 | Q7: =IF(P7>=20,"High-value beta",IF(P7>=15,"Beta candidate",IF(P7>=10,"Waitlist","Nurture")))
P8: =IF(I8="Weekly",5,IF(I8="Monthly",4,IF(I8="Quarterly",2,IF(I8="Occasional",1,0))))+K8+L8+M8+N8 | Q8: =IF(P8>=20,"High-value beta",IF(P8>=15,"Beta candidate",IF(P8>=10,"Waitlist","Nurture")))
P9: =IF(I9="Weekly",5,IF(I9="Monthly",4,IF(I9="Quarterly",2,IF(I9="Occasional",1,0))))+K9+L9+M9+N9 | Q9: =IF(P9>=20,"High-value beta",IF(P9>=15,"Beta candidate",IF(P9>=10,"Waitlist","Nurture")))
P10: =IF(I10="Weekly",5,IF(I10="Monthly",4,IF(I10="Quarterly",2,IF(I10="Occasional",1,0))))+K10+L10+M10+N10 | Q10: =IF(P10>=20,"High-value beta",IF(P10>=15,"Beta candidate",IF(P10>=10,"Waitlist","Nurture")))
P11: =IF(I11="Weekly",5,IF(I11="Monthly",4,IF(I11="Quarterly",2,IF(I11="Occasional",1,0))))+K11+L11+M11+N11 | Q11: =IF(P11>=20,"High-value beta",IF(P11>=15,"Beta candidate",IF(P11>=10,"Waitlist","Nurture")))
P12: =IF(I12="Weekly",5,IF(I12="Monthly",4,IF(I12="Quarterly",2,IF(I12="Occasional",1,0))))+K12+L12+M12+N12 | Q12: =IF(P12>=20,"High-value beta",IF(P12>=15,"Beta candidate",IF(P12>=10,"Waitlist","Nurture")))
P13: =IF(I13="Weekly",5,IF(I13="Monthly",4,IF(I13="Quarterly",2,IF(I13="Occasional",1,0))))+K13+L13+M13+N13 | Q13: =IF(P13>=20,"High-value beta",IF(P13>=15,"Beta candidate",IF(P13>=10,"Waitlist","Nurture")))
P14: =IF(I14="Weekly",5,IF(I14="Monthly",4,IF(I14="Quarterly",2,IF(I14="Occasional",1,0))))+K14+L14+M14+N14 | Q14: =IF(P14>=20,"High-value beta",IF(P14>=15,"Beta candidate",IF(P14>=10,"Waitlist","Nurture")))
P15: =IF(I15="Weekly",5,IF(I15="Monthly",4,IF(I15="Quarterly",2,IF(I15="Occasional",1,0))))+K15+L15+M15+N15 | Q15: =IF(P15>=20,"High-value beta",IF(P15>=15,"Beta candidate",IF(P15>=10,"Waitlist","Nurture")))
... P503: =IF(I503="Weekly",5,IF(I503="Monthly",4,IF(I503="Quarterly",2,IF(I503="Occasional",1,0))))+K503+L503+M503+N503 | Q503: =IF(P503>=20,"High-value beta",IF(P503>=15,"Beta candidate",IF(P503>=10,"Waitlist","Nurture")))

Sheet Interviews
A1: User Interview Repository
A3: Interview_ID | B3: Lead_ID | C3: Date | D3: Segment | E3: Current_Solution | F3: Last_Transaction | G3: Observed_Cost | H3: Top_Pain | I3: Pain_Intensity | J3: Surprise | K3: Must_Have | L3: Test_Commitment | M3: Quote_Approved | N3: Analyst_Summary

Sheet RICE
A1: PayRus RICE Prioritisation
A3: Feature | B3: Reach | C3: Impact | D3: Confidence | E3: Effort | F3: RICE | G3: Evidence_Count | H3: Evidence_Source | I3: Decision | J3: Notes
A4: Waitlist / Beta | B4: 100 | C4: 2 | D4: 1 | E4: 1 | F4: =IFERROR(B4*C4*D4/E4,0) | G4: 0 | H4: Validation plan | I4: P1
A5: Fee transparency / simulator | B5: 100 | C5: 3 | D5: 0.9 | E5: 2 | F5: =IFERROR(B5*C5*D5/E5,0) | G5: 0 | H5: Interviews to validate | I5: P1
A6: Unified dashboard | B6: 85 | C6: 2 | D6: 0.85 | E6: 3 | F6: =IFERROR(B6*C6*D6/E6,0) | G6: 0 | H6: Interviews to validate | I6: P1
A7: Transfer tracking | B7: 60 | C7: 2 | D7: 0.8 | E7: 3 | F7: =IFERROR(B7*C7*D7/E7,0) | G7: 0 | H7: Interviews to validate | I7: P2
A8: Mobile Money | B8: 80 | C8: 3 | D8: 0.7 | E8: 8 | F8: =IFERROR(B8*C8*D8/E8,0) | G8: 0 | H8: Strategic hypothesis | I8: P2
A9: Cashback | B9: 30 | C9: 1 | D9: 0.4 | E9: 4 | F9: =IFERROR(B9*C9*D9/E9,0) | G9: 0 | H9: Low evidence | I9: P3

Sheet Content_90D
A1: 90-Day Editorial Calendar
A3: Week | B3: Date | C3: Channel | D3: Pillar | E3: Audience | F3: Topic / Hook | G3: Format | H3: CTA | I3: Owner | J3: Status | K3: Primary_Metric | L3: Result
A4: 1 | B4: 46274 | C4: LinkedIn | D4: Education | E4: Diaspora | F4: Que voulez-vous savoir avant d'appuyer sur « envoyer » ? | G4: Post / short video | H4: Join Beta | I4: Growth | J4: Planned | K4: Sign-ups
A5: 1 | B5: 46276 | C5: Instagram/Facebook | D5: User Voice | E5: Diaspora | F5: Appel à 20 utilisateurs : racontez votre dernière expérience de transfert. | G5: Reel / carousel | H5: Tell us your payment experience | I5: Growth | J5: Planned | K5: Qualified replies
A6: 1 | B6: 46278 | C6: LinkedIn | D6: Build in Public | E6: Merchants / partners | F6: Ce que nous apprenons en construisant PayRus avec les utilisateurs. | G6: Post / short video | H6: Apply for Merchant Pilot | I6: Growth | J6: Planned | K6: Merchant leads
A7: 2 | B7: 46281 | C7: LinkedIn | D7: User Voice | E7: Diaspora | F7: Appel à 20 utilisateurs : racontez votre dernière expérience de transfert. | G7: Post / short video | H7: Join Beta | I7: Growth | J7: Planned | K7: Sign-ups
A8: 2 | B8: 46283 | C8: Instagram/Facebook | D8: Build in Public | E8: Diaspora | F8: Ce que nous apprenons en construisant PayRus avec les utilisateurs. | G8: Reel / carousel | H8: Tell us your payment experience | I8: Growth | J8: Planned | K8: Qualified replies
A9: 2 | B9: 46285 | C9: LinkedIn | D9: Product | E9: Merchants / partners | F9: Testez le parcours bêta PayRus et dites-nous où vous bloquez. | G9: Post / short video | H9: Apply for Merchant Pilot | I9: Growth | J9: Planned | K9: Merchant leads
A10: 3 | B10: 46288 | C10: LinkedIn | D10: Build in Public | E10: Diaspora | F10: Ce que nous apprenons en construisant PayRus avec les utilisateurs. | G10: Post / short video | H10: Join Beta | I10: Growth | J10: Planned | K10: Sign-ups
A11: 3 | B11: 46290 | C11: Instagram/Facebook | D11: Product | E11: Diaspora | F11: Testez le parcours bêta PayRus et dites-nous où vous bloquez. | G11: Reel / carousel | H11: Tell us your payment experience | I11: Growth | J11: Planned | K11: Qualified replies
A12: 3 | B12: 46292 | C12: LinkedIn | D12: Trust | E12: Merchants / partners | F12: Que doit prouver une nouvelle solution de paiement pour gagner votre confiance ? | G12: Post / short video | H12: Apply for Merchant Pilot | I12: Growth | J12: Planned | K12: Merchant leads
A13: 4 | B13: 46295 | C13: LinkedIn | D13: Product | E13: Diaspora | F13: Testez le parcours bêta PayRus et dites-nous où vous bloquez. | G13: Post / short video | H13: Join Beta | I13: Growth | J13: Planned | K13: Sign-ups
A14: 4 | B14: 46297 | C14: Instagram/Facebook | D14: Trust | E14: Diaspora | F14: Que doit prouver une nouvelle solution de paiement pour gagner votre confiance ? | G14: Reel / carousel | H14: Tell us your payment experience | I14: Growth | J14: Planned | K14: Qualified replies
A15: 4 | B15: 46299 | C15: LinkedIn | D15: Pain | E15: Merchants / partners | F15: Combien d'applications utilisez-vous pour un seul paiement Europe–Afrique ? | G15: Post / short video | H15: Apply for Merchant Pilot | I15: Growth | J15: Planned | K15: Merchant leads
... A42: 13 | B42: 46362 | C42: LinkedIn | D42: Build in Public | E42: Merchants / partners | F42: Ce que nous apprenons en construisant PayRus avec les utilisateurs. | G42: Post / short video | H42: Apply for Merchant Pilot | I42: Growth | J42: Planned | K42: Merchant leads

Sheet Merchant_Pipeline
A1: Merchant Pilot Pipeline
A3: Merchant_ID | B3: Date | C3: Company | D3: Contact | E3: Country | F3: Sector | G3: Monthly_Payments | H3: International | I3: Pain | J3: Stage | K3: Pilot_Volume | L3: LOI | M3: Next_Action | N3: Owner

Sheet Monthly_Report
A1: Monthly Traction Report — Elise / hub.brussels
A3: Reporting Month | B3: September 2026
A5: Executive snapshot | D5: Auto KPI | E5: Value
A7: Market validation | B7: [Complete monthly] | D7: Waitlist | E7: =Dashboard!B4
A8: Customer pain | B8: [Complete monthly] | D8: Interviews | E8: =Dashboard!B5
A9: Demand | B9: [Complete monthly] | D9: Beta qualified | E9: =Dashboard!B6
A10: Beta | B10: [Complete monthly] | D10: Beta active | E10: =Dashboard!B7
A11: Commercial | B11: [Complete monthly] | D11: Merchant pilots | E11: =Dashboard!B8
A12: Product learning | B12: [Complete monthly] | D12: LOI / commitments | E12: =Dashboard!B9
A13: Voice of customer | B13: [Complete monthly]
A14: Experiments | B14: [Complete monthly]
A15: Risks & compliance | B15: [Complete monthly]
A16: Next 30 days | B16: [Complete monthly]

Sheet Lists
A1: Reference Lists
A3: Type | B3: Value | C3: Score | D3: Definition | E3: Use
A4: Frequency | B4: Weekly | C4: 5 | D4: Weekly or more | E4: Prospect scoring
A5: Frequency | B5: Monthly | C5: 4 | D5: Monthly | E5: Prospect scoring
A6: Frequency | B6: Quarterly | C6: 2 | D6: Quarterly | E6: Prospect scoring
A7: Frequency | B7: Occasional | C7: 1 | D7: Occasional | E7: Prospect scoring
A8: Frequency | B8: Never | C8: 0 | D8: No current behaviour | E8: Prospect scoring
